영화명,예매율,개봉일,등급,장르,감독
치이카와: 인어 섬의 비밀,39.0,2026.09.30,전체관람가,애니메이션,오이카와 케이
암살자(들),13.8,2026.09.23,12세이상관람가,"범죄,드라마",허진호
오디세이,10.5,2026.08.05,15세이상관람가,"액션,드라마,어드벤처",크리스토퍼 놀란
타짜: 벨제붑의 노래,9.5,2026.09.23,청소년관람불가,"범죄,드라마",최국희
부활남: 더 레드,7.8,2026.09.30,15세이상관람가,액션,백종열
가능한 사랑,3.8,2026.09.23,청소년관람불가,드라마,이창동
디거,2.6,2026.10.03,15세이상관람가,"코미디,드라마",알레한드로 곤잘레스 이냐리투
인턴,2.3,2026.09.16,12세이상관람가,드라마,김도영
어벤져스: 엔드게임 앙코르,1.9,2026.09.23,12세이상관람가,"액션,SF",조 루소
옵세션,1.1,2026.09.02,청소년관람불가,공포(호러),커리 바커
래브라도: 망고축제를 지켜라,0.9,2026.10.03,전체관람가,애니메이션,연나이융
레지던트 이블: 0번째 밤,0.4,2026.09.17,청소년관람불가,"액션,공포(호러),SF",잭 크레거
스파이더맨: 브랜드 뉴 데이,0.3,2026.07.29,12세이상관람가,"액션,어드벤처,판타지",데스틴 크리튼
알파,0.2,2026.09.30,15세이상관람가,드라마,쥘리아 뒤쿠르노
나의 사적인 예술가,0.2,2026.09.23,15세이상관람가,드라마,켄트 존스
더 드라마,0.1,2026.09.09,15세이상관람가,"드라마,멜로",크리스토퍼 보글리
가족여행,0.1,2026.09.01,12세이상관람가,"가족,드라마",김정태
철들 무렵,0.1,2026.09.16,15세이상관람가,"드라마,가족",정승오
귀향: 언니야 이제 집에 가자,0.1,2026.08.26,15세이상관람가,드라마,조정래
아가미,0.0,2026.09.09,15세이상관람가,애니메이션,안재훈
